periodo,idx_corriente,var_ia_corriente,var_acum_corriente,idx_constante,var_ia_constante,idx_precios_impl,var_ia_precios_impl,var_mensual_precios_impl
2017-01-01,90.95065779558723,,,99.92587030961087,,91.01812925300045,,
2017-02-01,84.8630769085607,,,91.7292593461615,,92.51473031991932,,1.644288977593476
2017-03-01,90.69318597129629,,,95.76899764376483,,94.69994278174528,,2.3620157074115724
2017-04-01,95.1144473823688,,,98.3569269607987,,96.70335412194991,,2.1155359563647096
2017-05-01,91.3102068772503,,,93.21460268762463,,97.95697695911848,,1.2963592096171226
2017-06-01,95.10935617561167,,,95.88218323257463,,99.19398262439604,,1.2628050636901662
2017-07-01,101.80063684842864,,,101.1697757362319,,100.62356677931312,,1.4412004812129453
2017-08-01,101.71111403086748,,,99.62317684822904,,102.09583477328705,,1.4631443121102166
2017-09-01,99.64334008941317,,,96.02352405344075,,103.76971796406664,,1.6395215284703823
2017-10-01,105.92616560933132,,,100.9781605003273,,104.90007451560575,,1.0892932675508717
2017-11-01,109.78829597117041,,,103.37341080635561,,106.20554658569938,,1.2444910798413247
2017-12-01,133.08951634011405,,,123.95411187488028,,107.36998904437722,,1.0964045627675603
2018-01-01,106.03463499876973,16.584791763775826,16.58479176377583,97.23269471314975,-2.695173520247124,109.05244919066261,19.813986604287038,1.5669743112202639
2018-02-01,103.61098111840145,22.091944922102556,19.243025278971615,93.28306203499397,1.693900833722921,111.07159098136496,20.05827677092647,1.8515327309817309
2018-03-01,119.26344205820752,31.502097738581483,23.414828155974487,104.9059961055264,9.540664188372077,113.68601079602615,20.04865837990843,2.353815040877393
2018-04-01,111.37089825586945,17.091463306460938,21.751642829043185,96.11544086429767,-2.278930590617577,115.87201520836852,19.822126399303116,1.9228438020087282
2018-05-01,114.69892841345943,25.61457512373282,22.530403168353818,96.11898921724045,3.115806371399586,119.330144176013,21.818933046305048,2.9844384439382026
2018-06-01,125.16247551939405,31.598488889244237,24.10411736687412,99.88442007578733,4.174119433122158,125.30730560824901,26.325511178165556,5.00892835880569
2018-07-01,128.2320709418604,25.963918214760895,24.395463627349166,98.31166343210656,-2.8250653748378056,130.4342399113374,29.625935639316793,4.091488742976267
2018-08-01,128.92894347995752,26.75993642231657,24.71545870931071,95.52531491365032,-4.113362035042911,134.96835220747744,32.197706700950874,3.4761672235926113
2018-09-01,130.34465047156763,30.811201586182477,25.429043083323567,88.41025026462246,-7.928550700327577,147.43160445924593,42.075749411112895,9.234203461719389
2018-10-01,141.75378798741997,33.823203334127385,26.358037542249523,90.95482286312564,-9.926243048534417,155.85076582551284,48.57069124610322,5.710553986811021
2018-11-01,146.41966135167445,33.365455813362075,27.0791219471038,90.52291725821516,-12.431140123849303,161.7487215243127,52.29780997717896,3.7843610633284186
2018-12-01,186.75334015052698,40.32160104427271,28.547817895592374,113.23180282655846,-8.650224575966433,164.93011282049824,53.60913630374944,1.9668726072170557
2019-01-01,148.32682207498823,39.88525737529932,39.88525737529931,86.8753872268151,-10.652083146404792,170.73514928656965,56.562416115995404,3.519694716021519
2019-02-01,145.57965228026504,40.50600690085531,40.1920439829224,81.97797201789069,-12.119124062267943,177.58386636899735,59.88234687193008,4.011310565542956
2019-03-01,166.71380195974055,39.786173434751674,40.04487406649193,89.63545406942528,-14.55640535622031,185.99091586083318,63.60052970328556,4.734129098398526
2019-04-01,161.99865525382125,45.458695036864015,41.41432569757235,83.91160866879156,-12.697056878442993,193.05869333675622,66.6137358443155,3.8000659565607293
2019-05-01,165.7755477398782,44.53103445073262,42.058463995310234,83.10567927197076,-13.538750304435737,199.47559443845338,67.16278675086923,3.323808418460601
2019-06-01,177.64309668210373,41.9299961469504,42.03482280119617,86.5651324795158,-13.334699832231607,205.21322106696945,63.76796234732879,2.8763551975709873
2019-07-01,179.70332231775683,40.13914069845535,41.734111233413486,85.75291686577862,-12.774421800929986,209.55942828047517,60.66289681522511,2.117898247933738
2019-08-01,194.81108697229106,51.09957602543696,43.02236090962936,88.47982859250462,-7.375517502888556,220.17570566224413,63.13135787846278,5.065998446779531
2019-09-01,188.97774033131049,44.98311948178696,43.261741889204885,80.53276224895534,-8.910152377228727,234.65945418227832,59.16495994394779,6.578268241025967
2019-10-01,216.53263903758258,52.752629832226376,44.37416822673788,89.65375990289294,-1.4304496664136366,241.52097945709863,54.969388939352626,2.924035299890562
2019-11-01,221.8153382603948,51.49286387682125,45.14294036573436,88.26451491169347,-2.494840439222301,251.30749144468277,55.36907437435809,4.052033910090415
2019-12-01,272.6823009148364,46.012007439893125,45.248154895737656,106.00108342716463,-6.385767265817904,257.2448243910654,55.972017475691615,2.3625769817886777
2020-01-01,229.0019066960218,54.39008501122433,54.39008501122433,85.40115296903903,-1.6969527329151646,268.14849534764846,57.055238167494025,4.238635697489187
2020-02-01,236.6720522078723,62.5722060059872,58.44290600452049,86.19637413620114,5.1457751570017365,274.57309495861233,54.616013589930134,2.395911117321205
2020-03-01,280.03891646173196,67.97584433312733,61.89319352838749,98.1779121966221,9.530222405724004,285.23616992475314,53.360269561863845,3.8835104975409678
2020-04-01,244.8832865508618,51.16377735801325,59.101516463766934,84.16217271626562,0.2986047478401588,290.9659751494681,50.713738977778235,2.0087933540218614
2020-05-01,256.5869658122317,54.77974243514342,58.19277791269126,87.32615326673104,5.0784423299741235,293.8260260113674,47.29923569774098,0.982950278096979
2020-06-01,255.4062497881464,43.77493668960386,55.54150427075939,85.27822390638114,-1.486636173564662,299.49761860487695,45.94460193533956,1.930255352291411
2020-07-01,264.899442927057,47.40931859826932,54.26601451106874,86.52132638605822,0.8960739160422122,306.1666458337399,46.100153233843145,2.226737982067675
2020-08-01,262.520386445879,34.756389138785806,51.43084559040925,83.47248128410075,-5.65930945850414,314.4993205034652,42.84015557371083,2.7216141219544454
2020-09-01,251.56342811964188,33.11802103179343,49.16824412132965,78.65399058087726,-2.3329283829481966,319.83555603700444,36.29774992511625,1.6967399245876749
2020-10-01,291.2898637471716,34.52469107745634,47.35226821481455,87.6267671908861,-2.2609121069795037,332.42110040716886,37.63653209522397,3.935004764982523
2020-11-01,297.3923131670412,34.07202382818298,45.85534495761969,87.31894319631316,-1.071293165012392,340.5816679416683,35.5238819120664,2.454888550848281
2020-12-01,378.0714272098677,38.64905274066405,44.978319419615985,108.8495168167191,2.68717384526704,347.3340426916774,35.020808878804786,1.9826007638102254
2021-01-01,319.964646783936,39.72138983482728,39.72138983482727,88.80753065571464,3.9886788037985212,360.28999390193803,34.36211657083149,3.730112692052302
2021-02-01,303.4670130588409,28.22258066715105,33.87728644097123,81.17998173361919,-5.819725542811611,373.82000658071803,36.145898285141755,3.755311806539524
2021-03-01,350.059568027119,25.0039003328866,30.545047568420912,89.5622576336828,-8.775552840932917,390.8561231885111,37.028948078927414,4.557304667457515
2021-04-01,348.8983213734119,42.47535072220879,33.494313836720835,85.12523666636046,1.1442954940595627,409.864729940056,40.86345653628749,4.863325818328562
2021-05-01,361.0903447927686,40.728249250591944,34.98257445976751,84.98311089735874,-2.683093531230739,424.8965953116117,44.60822313104882,3.6675186405412603
2021-06-01,379.6442413948734,48.64328563211728,37.304586755458516,86.10902504084615,0.9742242467163322,440.8878642102703,47.20913851135745,3.76356720084587
2021-07-01,410.2365658042269,54.86501642707876,39.93642690277193,90.11471734986728,4.153185247964572,455.23814296781023,48.68965942652741,3.254859097390778
2021-08-01,407.56528786264863,55.250909607613266,41.91689275694082,87.24393809948432,4.518203792873152,467.1559958674741,48.53958829533525,2.6179381239824124
2021-09-01,401.56456210932276,59.62755997995913,43.86964941808924,83.5053598666535,6.167988744052025,480.8847752414525,50.35375716195071,2.9387997789657163
2021-10-01,458.64848156440985,57.454322530940914,45.407655270327666,92.32318696574036,5.359572109539982,496.78579849567683,49.44472474436324,3.3066181490650166
2021-11-01,462.6133640472847,55.5565976540359,46.459205620196144,91.01351353638384,4.231121226197672,508.2908527230398,49.24198821238235,2.3158983735447976
2021-12-01,600.6484626153091,58.87168915356534,47.9038897495623,114.90648531082756,5.5645341120872445,522.7280783939445,50.497220008452075,2.8403473313676386
2022-01-01,504.45083758950346,57.6583046470588,57.65830464705879,92.604615223509,4.275633541163003,544.7361736474678,51.19381133735607,4.2102378202338
2022-02-01,496.89463833369445,63.739258947841165,60.61832281275657,86.5643645721658,6.6326484972794475,574.0175426568863,53.554526925230306,5.375330375685365
2022-03-01,551.6759505723035,57.59487840354228,59.531116668989426,89.50897300569312,-0.059494511859696786,616.3359181176335,57.6886945226064,7.372313965331642
2022-04-01,578.4783808837427,65.80142277744596,61.18546978830268,87.81622992459842,3.161216771455244,658.7374354153453,60.7206932666999,6.879611596742791
2022-05-01,586.4745275796599,62.41767082313996,61.44976513159703,84.49717923457183,-0.5717979227352714,694.0758648895882,63.351712522093806,5.364569792813029
2022-06-01,640.253667926625,68.64569460456744,62.773918699955274,87.805039028054,1.969612344819069,729.1764516180692,65.38818842840885,5.057168604193535
2022-07-01,745.0529820658797,81.61544927261161,65.89901274416883,94.88162111399497,5.289817140101931,785.2447853633743,72.49099125221997,7.689268299996172
2022-08-01,736.2146896362935,80.63724059945,67.98403335946898,87.02805372429115,-0.24744914076092073,845.9509987074458,81.0853347042196,7.730864881322262
2022-09-01,757.9087299756088,88.73894797750458,70.5230926713512,84.14042859892183,0.7605125386950533,900.7664241745027,87.31439849020538,6.479740026409459
2022-10-01,867.3168492390655,89.10274079197288,72.80088222257541,90.878812991989,-1.5644758605304077,954.3663926547102,92.10822763948542,5.950484725197057
2022-11-01,929.7402697310314,100.97566174850078,75.90145245303006,93.2362526040457,2.442207735198892,997.1875142595426,96.18443041368195,4.486863948102695
2022-12-01,1174.204247447775,95.48942859773956,78.35035047409377,112.64282848327925,-1.9699991879701315,1042.4136744951095,99.41796080629007,4.535371691767452
2023-01-01,1033.5311678522064,104.88243666932746,104.88243666932746,93.34745843393875,0.8021665104237314,1107.187260576171,103.25201705673757,6.213808170967681
2023-02-01,1039.5336658084054,109.20605408309848,107.02793226776546,87.41963396704043,0.9880155640276342,1189.130654791277,107.15928807459267,7.401042003722424
2023-03-01,1185.5677508538765,114.90292437507557,109.82534618777376,92.93516241959038,3.827760836535731,1275.6934189248948,106.98021670082466,7.279499841740417
2023-04-01,1259.5643883030634,117.73750410150575,111.97266625010104,90.81674990870465,3.4168171267231315,1386.9296022696976,110.54361384444692,8.71966427784416
2023-05-01,1269.6297917601482,116.4850700336165,112.94633617889605,84.70091886175422,0.24112003386147762,1498.9563381625082,115.96433675171207,8.077319548842183
2023-06-01,1390.124913400397,117.1209604940068,113.74223762682294,86.99870929860984,-0.9183182860228953,1597.8684334603224,119.13330167404527,6.598730915609252
2023-07-01,1575.7672565255145,111.49734239788341,113.3346209193927,92.54655927988941,-2.461026494583294,1702.6751386401165,116.83367662889972,6.55915737397892
2023-08-01,1754.4760197794456,138.3103793604276,117.13409125380187,91.51566559988171,5.15651181837012,1917.1319011656876,126.62446218456287,12.595283601594858
2023-09-01,1893.89086480753,149.88376435095026,121.56851502420886,87.29891657309501,3.7538291957472296,2169.4322669191242,140.84293205169988,13.160302929601713
2023-10-01,2312.657255156142,166.64502796009742,127.61604865162455,97.38707403287498,7.161472324093495,2374.7065800287396,148.8254614061948,9.462121322696632
2023-11-01,2495.220392655426,168.37822065911803,132.74126739493067,91.68391365180575,-1.6649521070225717,2721.5465541007497,172.92224533332853,14.605592833612846
2023-12-01,3744.791114138165,218.92161200044728,144.5509620880081,105.20283853438916,-6.60493885768723,3559.5913250135845,241.47588544803614,30.79296107024487
2024-01-01,3596.836194436628,248.01429374512782,248.01429374512782,80.40041011559113,-13.869738432686034,4473.654038910349,304.05577251514774,25.678866769720443
2024-02-01,3894.8176527362266,274.66969861984956,261.3805861509943,77.4648343808862,-11.38737276102924,5027.8525525347795,322.8175038862569,12.388050323163057
2024-03-01,4645.438932662619,291.83243043823126,272.4596886900585,84.26886760910402,-9.325097826115751,5512.639560093895,332.1288703315359,9.64202912662411
2024-04-01,4358.750587507546,246.05222472031238,265.0979243841199,74.87343905385532,-17.555473930609352,5821.49109562386,319.73947964605003,5.6026071025167
2024-05-01,4612.618224168128,263.30418946561076,264.70444693849254,76.43768157384365,-9.7557823444602,6034.48211561996,302.5789118725977,3.6587021520347207
2024-06-01,5004.510623415554,260.00438343155616,263.79420462025547,80.60960379201317,-7.343908384510655,6208.330506533766,288.5382786547131,2.8809164992602945
2024-07-01,5185.564183041189,229.0818591112935,257.5455944170397,81.15469173565315,-12.30933665484389,6389.728150200156,275.27582362560776,2.9218425706473568
2024-08-01,5447.036380405574,210.46513711200902,249.6849167553392,82.28310843627247,-10.088499169065955,6619.871908004368,245.30080606239142,3.601776983219594
2024-09-01,5174.948021053454,173.24425695349487,238.0118587382976,76.13199359109811,-12.791594008668952,6797.336805401278,213.3233016329375,2.6807905026429637
2024-10-01,5544.656105903772,139.75260897574802,222.56884585638952,80.04335300217268,-17.809058545949924,6927.066268392416,191.70198653799923,1.9085336905485093
2024-11-01,5955.523604744758,138.67725761919013,210.40565898244373,84.67145014731827,-7.648521125656998,7033.685609946274,158.44443481402573,1.5391702262233622
2024-12-01,7274.429939118101,94.2546250885413,189.64849105944657,101.77895663563805,-3.2545527729576804,7147.282876125445,100.78942281662552,1.6150461149206734
2025-01-01,6105.093587180274,69.73510210510202,69.73510210510202,83.76148419756835,4.18041907640152,7288.664528412821,62.92418825904841,1.9781174851724757
2025-02-01,5851.524707385223,50.23873334029773,59.59918248328573,78.47505153008892,1.30409773321864,7456.541401749358,48.30469517229895,2.3032597080317743
2025-03-01,6677.615781083318,43.74563691134176,53.531281449934,86.79581994352243,2.998678404152912,7693.476235869892,39.56066149441577,3.177543332153249
2025-04-01,6449.0034949348055,47.955322642641136,52.05792763673514,81.53712427497817,8.899932079157963,7909.284945083418,35.863558239039435,2.8050870971349013
2025-05-01,6488.329742820055,40.66479009305408,49.56830073348553,81.06443952534855,6.052980488471718,8003.916120077754,32.63633840856056,1.1964567676014894
2025-06-01,6560.407569793125,31.089891968611283,46.02694235396076,81.21856762481966,0.7554482396138837,8077.472629286217,30.107000920542617,0.9190064976311731
2025-07-01,6722.111008410437,29.631237241154082,43.310490053839935,81.96447497286754,0.9978267674925121,8201.249395711542,28.350521382582485,1.5323699888075453
2025-08-01,6878.448538486961,26.27873320674989,40.78576143611316,82.55780826244025,0.33384716667642067,8331.675323333793,25.85855797692416,1.5903177836593017
2025-09-01,6406.512248386445,23.798581595845363,38.68875092619426,75.50460269766181,-0.8240831007342138,8484.929420845545,24.827261966823215,1.8394151423849507
2025-10-01,7087.539701891123,27.82649755941648,37.419874175263736,82.22898274286365,2.730557452574047,8619.272020005896,24.428895091344273,1.583308387106925
2025-11-01,7219.287918918147,21.22003702859223,35.61386055884126,82.29824264981046,-2.802842626857938,8772.104587502725,24.715619576430427,1.7731493697158385
2025-12-01,9128.441234373568,25.48668845218451,34.400099200622726,102.31369967178247,0.5253964609391488,8922.012656816416,24.830831680374942,1.7089179434460817
2026-01-01,7636.878083405519,25.090270515127713,25.09027051512771,82.7686979094896,-1.1852539357314384,9226.77084005442,26.59069167042101,3.4158008395691866
2026-02-01,7227.503971825606,23.514884295092457,24.31928233409657,76.05393952847098,-3.0851996327643576,9503.128985343319,27.446874808658833,2.995177295280797
2026-03-01,8042.996556560868,20.447129937386748,22.931688626404622,82.38052026691332,-5.086995755650577,9763.22622205045,26.902663018969292,2.736964184199536
2026-04-01,7834.0572448711955,21.47701968256402,22.557687260894976,78.52079495151668,-3.699332482329325,9977.047799514,26.143486658878672,2.190070910992816
2026-05-01,8170.9846201158225,25.933559852715305,23.251468926152352,80.51819790874355,-0.6738362959188748,10147.99738734407,26.787902760348857,1.7134285739153938
2026-06-01,8112.681421427335,23.66124109089705,23.321968091740185,78.67963209607304,-3.1260530725867426,10311.031210111933,27.651701012611028,1.6065615366750876
2026-07-01,8458.957308656174,25.837810444853787,23.69900780264096,80.27011296239861,-2.067190707961956,10538.115615482753,28.494027031944256,2.202344273268423
