periodo,idx_original,var_ia,var_acum,idx_desest,var_mensual_desest,idx_tendencia,var_mensual_tendencia
2017-01-01,99.92587030961087,,,103.711315881602,,99.250870525954,
2017-02-01,91.7292593461615,,,99.2028083543713,-4.347170305290177,99.1013672210494,-0.15063173160329768
2017-03-01,95.76899764376483,,,96.3678018543402,-2.8577885516143056,99.0023900734029,-0.09987465402542739
2017-04-01,98.3569269607987,,,98.6994020077093,2.419480478441642,98.9570203130302,-0.045826934419537224
2017-05-01,93.21460268762463,,,98.4076228430696,-0.2956240450341312,99.0179092992034,0.06153073928518893
2017-06-01,95.88218323257463,,,98.320700294451,-0.08832908072295709,99.2725526394798,0.25716897284404183
2017-07-01,101.1697757362319,,,99.6181154591102,1.3195747800551487,99.7711401561648,0.5022410559902539
2017-08-01,99.62317684822904,,,100.590392421793,0.976004171733095,100.455164430733,0.6855933223751407
2017-09-01,96.02352405344075,,,102.172005458306,1.5723301186469456,101.173598684613,0.7151790133949447
2017-10-01,100.9781605003273,,,102.629510439151,0.44777919234608987,101.791467952653,0.6107020765032445
2017-11-01,103.37341080635561,,,103.261569392945,0.6158647265191348,102.211575683975,0.4127140906518889
2017-12-01,123.95411187488028,,,98.1693038010605,-4.931423783137305,102.394502363587,0.17896865241328896
2018-01-01,97.23269471314975,-2.6951735202471294,-2.6951735202471294,100.727907489735,2.606317443036474,102.348953147993,-0.044484044106440024
2018-02-01,93.28306203499397,1.6939008337229167,-0.5944912143364234,100.858201040917,0.12935198837051587,102.102520192566,-0.24077721153695109
2018-03-01,104.9059961055264,9.540664188372073,2.7825171217440214,101.136028248281,0.27546317949027355,101.677455574816,-0.4163115826605832
2018-04-01,96.11544086429767,-2.2789305906175783,1.4920741685120475,101.647335601569,0.5055640033962732,101.06058329654,-0.6066952352304753
2018-05-01,96.11898921724045,3.1158063713995876,1.8080593971207204,100.888855996981,-0.7461873939923436,100.21997394844,-0.8317875483000279
2018-06-01,99.88442007578733,4.174119433122159,2.202687587763652,100.08710996398,-0.794682450383803,99.1243054301713,-1.09326362311009
2018-07-01,98.31166343210656,-2.8250653748377985,1.4502899345394837,99.1529318197661,-0.9333650902200077,97.7806108056513,-1.3555652356793217
2018-08-01,95.52531491365032,-4.113362035042911,0.7357230212850396,96.4336719346862,-2.742490650728101,96.2451700001364,-1.5702916895935033
2018-09-01,88.41025026462246,-7.928550700327575,-0.21871029330789993,93.9486775840651,-2.576894875790032,94.6233694231165,-1.6850721724712088
2018-10-01,90.95482286312564,-9.926243048534412,-1.226499475666143,92.5118941717392,-1.5293279791408025,93.0390054775251,-1.6743896938469618
2018-11-01,90.52291725821516,-12.431140123849305,-2.302905169367886,90.5274095147548,-2.1451129876342208,91.594518621146,-1.5525605083214629
2018-12-01,113.23180282655846,-8.650224575966437,-2.9585521192271536,90.286237239766,-0.2664080152978414,90.3505145756044,-1.3581642922182624
2019-01-01,86.8753872268151,-10.65208314640479,-10.65208314640479,89.1253725583128,-1.2857603959841413,89.3338482278267,-1.1252468816067989
2019-02-01,81.97797201789069,-12.11912406226794,-11.37039679719246,88.4972351796253,-0.7047795264771679,88.5317960598566,-0.8978144162385604
2019-03-01,89.63545406942528,-14.556405356220314,-12.501767111859508,87.8481134771923,-0.7334937652181566,87.9197925098724,-0.6912810732659551
2019-04-01,83.91160866879156,-12.697056878442991,-12.549707287946521,87.2700086795923,-0.6580730931121224,87.4765415710946,-0.5041537589252414
2019-05-01,83.10567927197076,-13.538750304435743,-12.744651632679549,87.2372226641041,-0.037568479692225765,87.1897413216302,-0.32785961163234845
2019-06-01,86.5651324795158,-13.33469983223161,-12.84496235491217,86.6330171063208,-0.6926006346049149,87.0352519990184,-0.17718749966456926
2019-07-01,85.75291686577862,-12.774421800929991,-12.834850907388095,86.7167390052072,0.09663971275945471,86.9843965870108,-0.05843082066122918
2019-08-01,88.47982859250462,-7.375517502888562,-12.167434084681306,87.9861929230462,1.4639087359624767,86.9936430462852,0.010630020598185297
2019-09-01,80.53276224895534,-8.91015237722873,-11.836345190966346,88.2875542873064,0.34250983506443333,87.0250637616126,0.036118403859333625
2019-10-01,89.65375990289294,-1.4304496664136357,-10.85120481050128,90.7495375170672,2.788596025379732,87.0524236016176,0.0314390347129887
2019-11-01,88.26451491169347,-2.494840439222301,-10.131650683653193,86.1876934309795,-5.026851057207608,87.0565192092102,0.004704759986154272
2019-12-01,106.00108342716463,-6.385767265817899,-9.767413595753805,86.2005264428339,0.014889610504170037,87.0504721670982,-0.006946110603678335
2020-01-01,85.40115296903903,-1.696952732915169,-1.696952732915169,86.8339883413724,0.7348701042546395,87.0518562737224,0.0015900047291239616
2020-02-01,86.19637413620114,5.145775157001742,1.6251781266355847,87.8821299983383,1.207063820269667,87.0764389099297,0.02823907181257823
2020-03-01,98.1779121966221,9.53022240572401,4.3663885655333745,99.3004204240503,12.992732909327415,87.1136053597204,0.04268255598869075
2020-04-01,84.16217271626562,0.2986047478401588,3.369502282850756,86.8569674821059,-12.531118084703124,87.1418803697114,0.03245762802978902
2020-05-01,87.32615326673104,5.07844232997412,3.7032756953409685,89.865354261938,3.4636101939109096,87.1298324363538,-0.013825652265580857
2020-06-01,85.27822390638114,-1.4866361735646594,2.8259262585986766,88.5968871256878,-1.411519652560301,87.0673985825769,-0.07165611597210386
2020-07-01,86.52132638605822,0.896073916042206,2.54910494362115,86.9530168622609,-1.8554492338933244,86.9698575658111,-0.11202932251764253
2020-08-01,83.47248128410075,-5.659309458504136,1.49085798405868,83.5787688955162,-3.8805415711909177,86.8750329891906,-0.10903154181750097
2020-09-01,78.65399058087726,-2.332928382948196,1.0892860956198902,85.6136598750129,2.4346984364421047,86.8322247508559,-0.04927565131403355
2020-10-01,87.6267671908861,-2.260912106979507,0.7386016866142597,86.9516932137062,1.5628736590010277,86.878240836092,0.05299424881503967
2020-11-01,87.31894319631316,-1.071293165012388,0.5695107705871116,87.5642974512983,0.7045339946244269,87.0429904555288,0.18963277553882563
2020-12-01,108.8495168167191,2.6871738452670435,0.7831422501639818,87.5171825610971,-0.05380605060801713,87.3126703264124,0.30982376578776893
2021-01-01,88.80753065571464,3.9886788037985177,3.9886788037985177,87.559580871826,0.0484456988766766,87.6426968361429,0.3779823804457294
2021-02-01,81.17998173361919,-5.819725542811605,-0.938250534880336,87.1605495005782,-0.45572553828452556,87.9987152436936,0.40621571494577324
2021-03-01,89.5622576336828,-8.77555284093292,-3.790437448756667,89.2959302042992,2.4499394691251126,88.3554946077442,0.40543701469115945
2021-04-01,85.12523666636046,1.1442954940595662,-2.617016393351357,89.6164967616064,0.35899346876591665,88.6982348336324,0.38791048299802355
2021-05-01,84.98311089735874,-2.6830935312307402,-2.630093067041417,88.6859056055384,-1.0384150125210994,89.0299747781582,0.37400963519516495
2021-06-01,86.10902504084615,0.9742242467163376,-2.0463413715984924,88.5878365496813,-0.11058020458548867,89.3686892966477,0.38044997691338267
2021-07-01,90.11471734986728,4.153185247964575,-1.1714052068319325,89.0605674911981,0.5336296267396676,89.7165138492462,0.3892018058404574
2021-08-01,87.24393809948432,4.518203792873154,-0.48956547528941075,89.479497736761,0.4703880262208173,90.0824355958401,0.40786442862543026
2021-09-01,83.5053598666535,6.167988744052022,0.1859377567481335,90.8203375469078,1.49848830632844,90.4546426866625,0.41318497702739876
2021-10-01,92.32318696574036,5.3595721095399895,0.7113667723696704,91.3983467718122,0.6364314871719898,90.8045085954816,0.38678601609321106
2021-11-01,91.01351353638384,4.231121226197665,1.0348377298498024,91.6199224269217,0.2424285153238941,91.0925767727106,0.3172399495186937
2021-12-01,114.90648531082756,5.564534112087238,1.5004300240880175,91.9509990802339,0.3613588011671425,91.2852828056997,0.21154965620296196
2022-01-01,92.604615223509,4.275633541163004,4.275633541163004,91.5660493369544,-0.4186466130113473,91.3651660694297,0.08750946623021605
2022-02-01,86.5643645721658,6.6326484972794475,5.401259938031244,92.8119297920774,1.360635807861783,91.3282422662988,-0.040413436235482436
2022-03-01,89.50897300569312,-0.059494511859692345,3.5169296345521017,89.7092577395044,-3.3429668573035656,91.1945686185696,-0.14636616714841466
2022-04-01,87.81622992459842,3.161216771455244,3.429078351259962,89.2702705125877,-0.4893443976444587,91.0024683099003,-0.21064884847780263
2022-05-01,84.49717923457183,-0.5717979227352732,2.6377354249601526,90.5473776564022,1.4306074536140585,90.7989085262412,-0.2236860026322347
2022-06-01,87.805039028054,1.9696123448190717,2.5261900738058563,90.6478905104899,0.11100581451304947,90.6452562224659,-0.16922263303517582
2022-07-01,94.88162111399497,5.289817140101927,2.9372330318323314,93.4888891434523,3.1341034159351153,90.6120013953916,-0.036686781482188735
2022-08-01,87.02805372429115,-0.24744914076092472,2.5363761958825837,89.3962213711394,-4.377704997684788,90.7426853624724,0.14422368457633183
2022-09-01,84.14042859892183,0.7605125386950462,2.3454308130573143,91.4720232627088,2.3220241971430227,91.0526934978253,0.3416342971497528
2022-10-01,90.878812991989,-1.564475860530412,1.9300176823687343,90.9558067298696,-0.5643436259812802,91.5189428976044,0.5120654665644224
2022-11-01,93.2362526040457,2.442207735198898,1.9785778668544252,92.7966021818157,2.0238350008956445,92.0700476356418,0.6021755940232083
2022-12-01,112.64282848327925,-1.9699991879701284,1.5564660972468447,88.2833607868524,-4.863584752942302,92.5990329428498,0.5745465770816196
2023-01-01,93.34745843393875,0.8021665104237297,0.8021665104237297,94.1147215092931,6.605277223779126,93.0014582056309,0.4345890556216432
2023-02-01,87.41963396704043,0.9880155640276334,0.891958310599783,93.6530586726549,-0.49053201160737103,93.2071073233305,0.22112461639569858
2023-03-01,92.93516241959038,3.827760836535732,1.8700090449609963,92.8605974732723,-0.8461669171451973,93.2126823080966,0.005981287185278461
2023-04-01,90.81674990870465,3.416817126723126,2.2510386963246587,92.2413449481005,-0.6668625251415534,93.074676861172,-0.1480543671819845
2023-05-01,84.70091886175422,0.24112003386147496,1.8659235396149443,90.7756102651382,-1.5890213697415163,92.8525689642105,-0.23863407798103253
2023-06-01,86.99870929860984,-0.91831828602289,1.4036086265281078,90.0543805475256,-0.794519271758162,92.5611413334091,-0.31386060079150013
2023-07-01,92.54655927988941,-2.461026494583296,0.8156724923206848,91.9733592017651,2.130910947998558,92.147831619844,-0.44652616379948995
2023-08-01,91.51566559988171,5.156511818370113,1.3472210620109282,93.5226904821095,1.684543539336829,91.5085948427721,-0.6937078885470385
2023-09-01,87.29891657309501,3.753829195747227,1.601978475819399,92.5519351423471,-1.0379891069837157,90.5284046440159,-1.071145503261576
2023-10-01,97.38707403287498,7.1614723240934985,2.172403856952654,99.9253953421509,7.966835256835253,89.1609161361733,-1.5105629147226978
2023-11-01,91.68391365180575,-1.664952107022577,1.8069342604486005,91.5680775952508,-8.363557350245273,87.4670014953694,-1.8998398785145127
2023-12-01,105.20283853438916,-6.604938857687226,0.9389117587374818,82.1034778402306,-10.336134604524105,85.6287781711613,-2.101619231002701
2024-01-01,80.40041011559113,-13.869738432686042,-13.869738432686042,81.0212371120664,-1.3181423694014285,83.9005870458734,-2.018236347870655
2024-02-01,77.4648343808862,-11.387372761029235,-12.669257219505848,80.5562800740435,-0.5738705734396348,82.5111546027625,-1.656046151800112
2024-03-01,84.26886760910402,-9.325097826115748,-11.533753251570145,80.2610771371401,-0.36645552231564693,81.5874513868041,-1.1194888986894256
2024-04-01,74.87343905385532,-17.555473930609356,-13.034012754732494,80.5260346478279,0.33011955500555246,81.1328595031441,-0.5571835814613024
2024-05-01,76.43768157384365,-9.755782344460206,-12.415898745516385,81.0456490396727,0.6452750270360212,81.0539897978079,-0.09721055786668842
2024-06-01,80.60960379201317,-7.343908384510655,-11.592994452533134,81.2232694879514,0.21916099184022642,81.2017050087473,0.1822429855802028
2024-07-01,81.15469173565315,-12.309336654843895,-11.698431278420529,82.6971543310519,1.8146091044994677,81.4411452574671,0.2948709620001324
2024-08-01,82.28310843627247,-10.088499169065956,-11.493880502193498,82.4532626530677,-0.2949214878759534,81.7131454422844,0.333983742440509
2024-09-01,76.13199359109811,-12.79159400866895,-11.634162597828968,82.8283092512873,0.4548596212592031,82.025734861937,0.3825448377499754
2024-10-01,80.04335300217268,-17.809058545949917,-12.29866765668779,81.5456214623105,-1.5486103731579561,82.4079269536917,0.46594168573801653
2024-11-01,84.67145014731827,-7.648521125657004,-11.870891298846953,83.0896139682148,1.8934094537717385,82.8819216505357,0.5751809496559162
2024-12-01,101.77895663563805,-3.254552772957686,-11.04822005628372,82.1606031425932,-1.1180829724121537,83.4293186293864,0.6604540145180806
2025-01-01,83.76148419756835,4.18041907640152,4.18041907640152,83.8438755606705,2.0487585943787394,83.9638707238889,0.6407245118195419
2025-02-01,78.47505153008892,1.3040977332186454,2.76900165398819,84.1931758552184,0.41660800173191603,84.3739056105687,0.48834681291454274
2025-03-01,86.79581994352243,2.99867840415291,2.8489350408382075,85.2008742968205,1.196888502382862,84.5663817113795,0.2281227820591738
2025-04-01,81.53712427497817,8.899932079157956,4.278109066209712,84.5268007617111,-0.7911580023945248,84.4966207023078,-0.08249260245023038
2025-05-01,81.06443952534855,6.052980488471715,4.622927214511807,84.1429063036043,-0.45416891997253117,84.1865520768514,-0.3669597942251528
2025-06-01,81.21856762481966,0.7554482396138873,3.9652903256540695,84.1683919228347,0.030288494122657994,83.7281514712783,-0.5445057366818418
2025-07-01,81.96447497286754,0.9978267674925156,3.53153770066994,82.9952694241469,-1.3937803394929063,83.233891099452,-0.5903156383380264
2025-08-01,82.55780826244025,0.33384716667641534,3.118802083334171,82.3814441339273,-0.7395906953234288,82.7881402586301,-0.5355400726000994
2025-09-01,75.50460269766181,-0.8240831007342186,2.6981611793863047,82.4960781781944,0.13915032137666117,82.4414494501477,-0.4187686876397123
2025-10-01,82.22898274286365,2.730557452574045,2.7014284225979734,83.7196451667082,1.4831820075990265,82.2089857490018,-0.28197430139370283
2025-11-01,82.29824264981046,-2.8028426268579376,2.1708196465155982,80.734007927542,-3.5662325529701064,82.0727243439244,-0.16575001362188857
2025-12-01,102.31369967178247,0.5253964609391426,1.9999530892219397,82.7509620873071,2.4982708173924664,81.9943179475853,-0.0955328301404279
2026-01-01,82.7686979094896,-1.185253935731445,-1.185253935731445,81.4535371056478,-1.5678669455110992,81.9503494625544,-0.05362381946881101
2026-02-01,76.05393952847098,-3.085199632764357,-2.104272181592648,81.6898556535634,0.2901268088690614,81.9309493399125,-0.02367302002875249
2026-03-01,82.38052026691332,-5.08699575565058,-3.1438476920819913,81.6102466613372,-0.09745272725638188,81.91592428929,-0.01833867512038978
2026-04-01,78.52079495151668,-3.6993324823293205,-3.2808616486717956,82.2180180641131,0.7447243791554712,81.8769058099839,-0.047632349441983024
2026-05-01,80.51819790874355,-0.6738362959188726,-2.7674514580815046,82.8500596909824,0.7687385827963595,81.8036176862554,-0.0895101286540978
2026-06-01,78.67963209607304,-3.126053072586743,-2.826546441348532,81.7875860354298,-1.2824054195198755,81.6916642200616,-0.1368563755006278
2026-07-01,80.27011296239861,-2.0671907079619523,-2.718268157804804,81.2363820893659,-0.6739457328219913,81.5580284395183,-0.1635855773280781
