periodo,canal,ventas_miles
2017-01-01,salon,27591730.12689
2017-02-01,salon,25749179.39807
2017-03-01,salon,27472228.718250018
2017-04-01,salon,28827479.48661001
2017-05-01,salon,27569311.414939996
2017-06-01,salon,28763865.4186
2017-07-01,salon,30815311.773590006
2017-08-01,salon,30763355.89174
2017-09-01,salon,30135595.697270002
2017-10-01,salon,31980223.912639998
2017-11-01,salon,33122387.951610014
2017-12-01,salon,40320285.2796
2018-01-01,salon,32103107.855989993
2018-02-01,salon,31357444.8335
2018-03-01,salon,36055413.05464001
2018-04-01,salon,33622270.978180006
2018-05-01,salon,34407391.593590006
2018-06-01,salon,37744796.10936996
2018-07-01,salon,38696650.90644997
2018-08-01,salon,38852702.48435998
2018-09-01,salon,39313002.174979985
2018-10-01,salon,42646486.70567999
2018-11-01,salon,44076960.79194998
2018-12-01,salon,56452356.42238999
2019-01-01,salon,44740575.241629995
2019-02-01,salon,43914187.05556002
2019-03-01,salon,50347782.683160014
2019-04-01,salon,48939565.17114004
2019-05-01,salon,49813853.04009
2019-06-01,salon,53591716.25316001
2019-07-01,salon,54121341.62436
2019-08-01,salon,58647926.47731001
2019-09-01,salon,56887830.18007998
2019-10-01,salon,65144928.115430005
2019-11-01,salon,66454203.742079996
2019-12-01,salon,82246180.67768
2020-01-01,salon,69104127.61199
2020-02-01,salon,71514175.14700998
2020-03-01,salon,84174875.51342997
2020-04-01,salon,71798954.70953001
2020-05-01,salon,74966605.02587001
2020-06-01,salon,74554853.95878996
2020-07-01,salon,76413721.76438998
2020-08-01,salon,76406528.27118002
2020-09-01,salon,73111415.16161998
2020-10-01,salon,84622602.74864998
2020-11-01,salon,86255330.60578996
2020-12-01,salon,111830218.56443
2021-01-01,salon,94524545.26598
2021-02-01,salon,89908053.01556998
2021-03-01,salon,103243215.2959
2021-04-01,salon,102742178.64234994
2021-05-01,salon,104997658.23470998
2021-06-01,salon,111477594.54618998
2021-07-01,salon,120904098.31748004
2021-08-01,salon,120181530.94271998
2021-09-01,salon,118585472.17123003
2021-10-01,salon,136000643.3463
2021-11-01,salon,135950778.84937298
2021-12-01,salon,178866721.2456501
2022-01-01,salon,149697614.62836808
2022-02-01,salon,148406529.31365797
2022-03-01,salon,164321074.85165015
2022-04-01,salon,173047715.34078
2022-05-01,salon,175360239.53115994
2022-06-01,salon,189510268.1663519
2022-07-01,salon,220952507.14078715
2022-08-01,salon,218261209.60020193
2022-09-01,salon,223841299.55893993
2022-10-01,salon,256894810.87549597
2022-11-01,salon,272973768.15517306
2022-12-01,salon,349050818.8344698
2023-01-01,salon,307263826.4882069
2023-02-01,salon,309570090.0011699
2023-03-01,salon,351601023.6392711
2023-04-01,salon,374859125.1204798
2023-05-01,salon,374434432.96446997
2023-06-01,salon,413276979.4247101
2023-07-01,salon,467388086.1971698
2023-08-01,salon,518751701.64603996
2023-09-01,salon,563540336.5967802
2023-10-01,salon,682264293.6607599
2023-11-01,salon,735686087.4721098
2023-12-01,salon,1116024751.75575
2024-01-01,salon,1070336895.2835702
2024-02-01,salon,1159627571.8536096
2024-03-01,salon,1384251341.0202305
2024-04-01,salon,1294639323.3574092
2024-05-01,salon,1361031140.9580293
2024-06-01,salon,1488530909.849041
2024-07-01,salon,1537405542.9489808
2024-08-01,salon,1613894730.890319
2024-09-01,salon,1534438240.8385193
2024-10-01,salon,1643182164.0618002
2024-11-01,salon,1756117842.3051193
2024-12-01,salon,2167790946.522249
2025-01-01,salon,1815675574.5381503
2025-02-01,salon,1740067462.0109096
2025-03-01,salon,1984442779.3166904
2025-04-01,salon,1921361392.8509202
2025-05-01,salon,1917328198.5491698
2025-06-01,salon,1949403829.2751298
2025-07-01,salon,1993847051.4574203
2025-08-01,salon,2037395777.3903208
2025-09-01,salon,1894031054.1400995
2025-10-01,salon,2096199311.4287698
2025-11-01,salon,2132007343.3925502
2025-12-01,salon,2713064578.3367305
2026-01-01,salon,2276136044.052029
2026-02-01,salon,2153749555.39168
2026-03-01,salon,2386706916.4487314
2026-04-01,salon,2325437036.6299005
2026-05-01,salon,2417072875.6268086
2026-06-01,salon,2401885534.18792
2026-07-01,salon,2509482690.076959
2017-01-01,online,267141.956
2017-02-01,online,245020.769
2017-03-01,online,307777.804
2017-04-01,online,306792.733
2017-05-01,online,399693.262
2017-06-01,online,368847.326
2017-07-01,online,366990.683
2017-08-01,online,391525.052
2017-09-01,online,385910.498
2017-10-01,online,465759.10129
2017-11-01,online,506594.70549
2017-12-01,online,446036.8247
2018-01-01,online,376100.1495799999
2018-02-01,online,379379.71864
2018-03-01,online,475878.27403
2018-04-01,online,491474.68862000003
2018-05-01,online,725754.7976899999
2018-06-01,online,593413.63629
2018-07-01,online,581799.0561899999
2018-08-01,online,639204.78984
2018-09-01,online,612546.82257
2018-10-01,online,773767.1168
2018-11-01,online,772485.21409
2018-12-01,online,751599.44123
2019-01-01,online,693048.47043
2019-02-01,online,677957.8397799999
2019-03-01,online,717911.5714899999
2019-04-01,online,681844.1039799999
2019-05-01,online,964446.87431
2019-06-01,online,821703.3616599999
2019-07-01,online,923140.6329600001
2019-08-01,online,1024177.9783600001
2019-09-01,online,997476.22679
2019-10-01,online,1180651.47825
2019-11-01,online,1489506.4453500002
2019-12-01,online,1278463.61382
2020-01-01,online,1040882.66074
2020-02-01,online,980258.5147299999
2020-03-01,online,1603155.5753900001
2020-04-01,online,3210641.9290200006
2020-05-01,online,3627916.7945800005
2020-06-01,online,3678005.64307
2020-07-01,online,4726974.45707
2020-08-01,online,4005445.0164
2020-09-01,online,3944359.19539
2020-10-01,online,4601678.305080001
2020-11-01,online,4838176.70645
2020-12-01,online,3975909.5507499995
2021-01-01,online,3483037.9868500005
2021-02-01,online,3046180.66555
2021-03-01,online,3982669.1938799997
2021-04-01,online,4128007.2437400003
2021-05-01,online,5607036.33009
2021-06-01,online,4810298.4099699985
2021-07-01,online,4754454.214929999
2021-08-01,online,4658789.019680001
2021-09-01,online,4416780.258529999
2021-10-01,online,4486843.91995
2021-11-01,online,5751181.80928
2021-12-01,online,5116430.63427
2022-01-01,online,4819479.553599999
2022-02-01,online,3796044.07646
2022-03-01,online,4661427.42714
2022-04-01,online,4144573.3832600005
2022-05-01,online,4281329.20203
2022-06-01,online,6604256.65058
2022-07-01,online,7262837.590410001
2022-08-01,online,7246899.5353999995
2022-09-01,online,8311857.66562
2022-10-01,online,8770878.014759999
2022-11-01,online,11812684.98915
2022-12-01,online,10616793.491700001
2023-01-01,online,9314561.14245
2023-02-01,online,8846908.001230001
2023-03-01,online,11547315.440030001
2023-04-01,online,10954941.807589997
2023-05-01,online,14462742.917069998
2023-06-01,online,12528760.526069995
2023-07-01,online,15281302.853480002
2023-08-01,online,18657528.723539997
2023-09-01,online,16572711.735530002
2023-10-01,online,26120056.76104
2023-11-01,online,28618728.15484
2023-12-01,online,31032995.318399996
2024-01-01,online,31401144.578970008
2024-02-01,online,33384434.91634
2024-03-01,online,38681622.090280004
2024-04-01,online,40478838.531090006
2024-05-01,online,51848591.733049996
2024-06-01,online,44388418.87694
2024-07-01,online,50971855.90001998
2024-08-01,online,54573573.02919
2024-09-01,online,50687347.56737
2024-10-01,online,55187797.65037
2024-11-01,online,68103931.48469
2024-12-01,online,60421779.60570999
2025-01-01,online,54360612.35328
2025-02-01,online,52298665.55793
2025-03-01,online,60961271.32794002
2025-04-01,online,54016991.231709994
2025-05-01,online,70096111.70803998
2025-06-01,online,60098462.71771999
2025-07-01,online,65186222.729399994
2025-08-01,online,69524860.75538
2025-09-01,online,68331940.81919
2025-10-01,online,74767526.22910002
2025-11-01,online,79314966.27909999
2025-12-01,online,83045783.35138997
2026-01-01,online,63097280.86124001
2026-02-01,online,60089393.21940001
2026-03-01,online,76923558.17578001
2026-04-01,online,74193751.80726998
2026-05-01,online,85761307.65836997
2026-06-01,online,83089939.84046002
2026-07-01,online,81559698.49071997
