periodo,medio_pago,ventas_miles
2017-01-01,efectivo,10230100.130314
2017-02-01,efectivo,9719067.340596005
2017-03-01,efectivo,10244442.508284997
2017-04-01,efectivo,10312632.366428997
2017-05-01,efectivo,10147613.34208
2017-06-01,efectivo,10565493.495652994
2017-07-01,efectivo,10905912.736712996
2017-08-01,efectivo,11041625.274251003
2017-09-01,efectivo,10789170.332050998
2017-10-01,efectivo,11220307.426600007
2017-11-01,efectivo,11657995.803109996
2017-12-01,efectivo,13710305.37311
2018-01-01,efectivo,11705433.565544002
2018-02-01,efectivo,10720300.947148008
2018-03-01,efectivo,12955730.464524
2018-04-01,efectivo,11685359.587512009
2018-05-01,efectivo,11925300.089559997
2018-06-01,efectivo,13517215.493030002
2018-07-01,efectivo,14061294.336093998
2018-08-01,efectivo,13783068.023829997
2018-09-01,efectivo,14307986.236589996
2018-10-01,efectivo,15413337.429618
2018-11-01,efectivo,15412653.112490004
2018-12-01,efectivo,19372979.314990014
2019-01-01,efectivo,16005633.827199997
2019-02-01,efectivo,15466783.51002
2019-03-01,efectivo,17737278.503999993
2019-04-01,efectivo,17102015.742659997
2019-05-01,efectivo,17247751.268843994
2019-06-01,efectivo,17995550.11326
2019-07-01,efectivo,18548992.456090007
2019-08-01,efectivo,19745340.249500003
2019-09-01,efectivo,19561438.284749985
2019-10-01,efectivo,21884744.730451003
2019-11-01,efectivo,22763201.5517
2019-12-01,efectivo,27960470.497710004
2020-01-01,efectivo,25121140.424074013
2020-02-01,efectivo,23982883.637197025
2020-03-01,efectivo,26532575.533931985
2020-04-01,efectivo,22263621.147818018
2020-05-01,efectivo,24917663.393409997
2020-06-01,efectivo,24031410.143659983
2020-07-01,efectivo,24935747.285053004
2020-08-01,efectivo,24868416.64602999
2020-09-01,efectivo,24268469.258773003
2020-10-01,efectivo,27348110.49728398
2020-11-01,efectivo,28832513.453409992
2020-12-01,efectivo,36284788.051380016
2021-01-01,efectivo,31878415.60910801
2021-02-01,efectivo,30090418.939483996
2021-03-01,efectivo,33646699.760530025
2021-04-01,efectivo,33030717.33914999
2021-05-01,efectivo,33391018.41487
2021-06-01,efectivo,34735136.74001
2021-07-01,efectivo,37973547.560765006
2021-08-01,efectivo,38180625.55514
2021-09-01,efectivo,38080750.85783998
2021-10-01,efectivo,43323345.69436999
2021-11-01,efectivo,43762928.14926002
2021-12-01,efectivo,56640033.147035964
2022-01-01,efectivo,46962602.2164548
2022-02-01,efectivo,46290956.20918649
2022-03-01,efectivo,51262080.993980005
2022-04-01,efectivo,53225357.006129995
2022-05-01,efectivo,52738547.90800003
2022-06-01,efectivo,57393670.090090156
2022-07-01,efectivo,66584224.03012287
2022-08-01,efectivo,67237455.23950575
2022-09-01,efectivo,67655236.95258002
2022-10-01,efectivo,76003937.06058702
2022-11-01,efectivo,80653084.43862736
2022-12-01,efectivo,100319766.82566479
2023-01-01,efectivo,90638720.0605026
2023-02-01,efectivo,90540334.86567998
2023-03-01,efectivo,101935940.57742865
2023-04-01,efectivo,102160867.14297998
2023-05-01,efectivo,103143688.43152004
2023-06-01,efectivo,108531201.96151005
2023-07-01,efectivo,120214863.51235002
2023-08-01,efectivo,143218673.62622994
2023-09-01,efectivo,133303056.59254004
2023-10-01,efectivo,152398775.74618006
2023-11-01,efectivo,160073144.05848
2023-12-01,efectivo,228219933.94904998
2024-01-01,efectivo,227859437.24805003
2024-02-01,efectivo,241894497.25349006
2024-03-01,efectivo,277545813.39178014
2024-04-01,efectivo,233018967.80020997
2024-05-01,efectivo,243597883.54431993
2024-06-01,efectivo,264957789.46518993
2024-07-01,efectivo,290357060.58441985
2024-08-01,efectivo,290108815.6070099
2024-09-01,efectivo,270907245.13635993
2024-10-01,efectivo,280682474.0839
2024-11-01,efectivo,297479156.9916399
2024-12-01,efectivo,345093000.85710025
2025-01-01,efectivo,295670199.70337003
2025-02-01,efectivo,293655584.7157501
2025-03-01,efectivo,326402988.65212995
2025-04-01,efectivo,302985857.5763601
2025-05-01,efectivo,323506387.0167901
2025-06-01,efectivo,314237252.6067999
2025-07-01,efectivo,322600211.18616986
2025-08-01,efectivo,328170512.36891
2025-09-01,efectivo,318445650.13337
2025-10-01,efectivo,351157513.5518699
2025-11-01,efectivo,359728944.92231977
2025-12-01,efectivo,455091517.05052
2026-01-01,efectivo,400988196.0236999
2026-02-01,efectivo,373195903.84815985
2026-03-01,efectivo,409325000.2754297
2026-04-01,efectivo,414940193.53584015
2026-05-01,efectivo,413161683.7664298
2026-06-01,efectivo,420530556.0684901
2026-07-01,efectivo,429104340.6648301
2017-01-01,debito,6864575.384024798
2017-02-01,debito,6438494.010723001
2017-03-01,debito,6908522.962076997
2017-04-01,debito,7454251.799721999
2017-05-01,debito,6735747.319130901
2017-06-01,debito,7337456.597347399
2017-07-01,debito,8183012.3184557
2017-08-01,debito,7899351.016894999
2017-09-01,debito,7888243.176848
2017-10-01,debito,8695476.803280002
2017-11-01,debito,8324348.80678286
2017-12-01,debito,11070098.736242607
2018-01-01,debito,8391851.735510603
2018-02-01,debito,8607859.2800684
2018-03-01,debito,9144000.036735995
2018-04-01,debito,8980714.557799002
2018-05-01,debito,8668139.0539873
2018-06-01,debito,9513855.561389996
2018-07-01,debito,10619025.064987898
2018-08-01,debito,10164619.777058007
2018-09-01,debito,10187454.21635
2018-10-01,debito,10495359.76456195
2018-11-01,debito,11132996.566479996
2018-12-01,debito,16252211.763499994
2019-01-01,debito,11687681.667650005
2019-02-01,debito,12330583.273768004
2019-03-01,debito,13685678.100496195
2019-04-01,debito,13152280.506070001
2019-05-01,debito,13838777.255979998
2019-06-01,debito,15507030.32112
2019-07-01,debito,15609905.912700001
2019-08-01,debito,16044555.337071996
2019-09-01,debito,15872044.54628
2019-10-01,debito,17749686.58293429
2019-11-01,debito,16506702.373734001
2019-12-01,debito,21105019.72176601
2020-01-01,debito,16421681.807168407
2020-02-01,debito,18677850.857655
2020-03-01,debito,22420795.889567308
2020-04-01,debito,20850415.685067005
2020-05-01,debito,19703362.398560006
2020-06-01,debito,20569940.21072799
2020-07-01,debito,22143208.629241403
2020-08-01,debito,21188270.691566993
2020-09-01,debito,20660854.9840306
2020-10-01,debito,23565536.115426205
2020-11-01,debito,23551887.32882601
2020-12-01,debito,31300615.016610008
2021-01-01,debito,26481717.359305106
2021-02-01,debito,26089199.968869206
2021-03-01,debito,28304088.351349995
2021-04-01,debito,28509160.0986
2021-05-01,debito,29448299.39426999
2021-06-01,debito,32637663.36478999
2021-07-01,debito,37146178.898209
2021-08-01,debito,35434522.94616999
2021-09-01,debito,34575381.28240999
2021-10-01,debito,39697514.9889
2021-11-01,debito,39925207.44942003
2021-12-01,debito,55432191.368078016
2022-01-01,debito,46053650.12931095
2022-02-01,debito,45283575.24733588
2022-03-01,debito,47364363.87904
2022-04-01,debito,50071794.27383999
2022-05-01,debito,49886818.12474002
2022-06-01,debito,56360188.831809916
2022-07-01,debito,68810894.09934743
2022-08-01,debito,67647795.4278892
2022-09-01,debito,70306447.45933998
2022-10-01,debito,81278221.5634546
2022-11-01,debito,83419815.47793427
2022-12-01,debito,115236686.62653965
2023-01-01,debito,99271310.16581452
2023-02-01,debito,99711430.05382769
2023-03-01,debito,109090214.06799074
2023-04-01,debito,121099745.58682998
2023-05-01,debito,117547350.38144006
2023-06-01,debito,134788413.98052004
2023-07-01,debito,155279133.3582699
2023-08-01,debito,164516959.70533997
2023-09-01,debito,198231084.59580994
2023-10-01,debito,240565991.8997099
2023-11-01,debito,254149443.47397
2023-12-01,debito,393579905.5336801
2024-01-01,debito,352612655.13446
2024-02-01,debito,375940819.9437999
2024-03-01,debito,438830143.07810986
2024-04-01,debito,410331251.49913985
2024-05-01,debito,425529854.39989996
2024-06-01,debito,465008974.38083994
2024-07-01,debito,461659897.9777399
2024-08-01,debito,456351826.5868301
2024-09-01,debito,425774427.56750005
2024-10-01,debito,447488276.5395101
2024-11-01,debito,456887187.51319015
2024-12-01,debito,662207324.8184402
2025-01-01,debito,539439622.21396
2025-02-01,debito,499955958.8999001
2025-03-01,debito,552767401.85551
2025-04-01,debito,528027217.5292698
2025-05-01,debito,529078473.48913014
2025-06-01,debito,546770026.39966
2025-07-01,debito,588502003.8419797
2025-08-01,debito,548447001.8936701
2025-09-01,debito,519178387.71438015
2025-10-01,debito,561081186.08466
2025-11-01,debito,558800871.12229
2025-12-01,debito,731510469.8956604
2026-01-01,debito,586309980.7999403
2026-02-01,debito,553780664.8712097
2026-03-01,debito,611110220.1606401
2026-04-01,debito,604726341.4618598
2026-05-01,debito,599531381.2504303
2026-06-01,debito,618085528.32838
2026-07-01,debito,672050060.9258003
2017-01-01,credito,9047205.493406398
2017-02-01,credito,8309150.301222395
2017-03-01,credito,8845010.493617997
2017-04-01,credito,9458166.681812003
2017-05-01,credito,9220929.862112993
2017-06-01,credito,9196110.462846007
2017-07-01,credito,10162899.880877996
2017-08-01,credito,10115176.88118
2017-09-01,credito,9795878.643451
2017-10-01,credito,11447457.179397
2017-11-01,credito,12553464.114272805
2017-12-01,credito,14576008.2373072
2018-01-01,credito,11256746.646177003
2018-02-01,credito,11364650.340209996
2018-03-01,credito,13175374.632970996
2018-04-01,credito,12193290.57827
2018-05-01,credito,13241497.643993005
2018-06-01,credito,13623892.631039994
2018-07-01,credito,13151343.173305005
2018-08-01,credito,13997246.389675
2018-09-01,credito,14097447.208820008
2018-10-01,credito,16008985.684051717
2018-11-01,credito,16773555.452833004
2018-12-01,credito,19596671.428900015
2019-01-01,credito,16222411.460373
2019-02-01,credito,15330194.010651998
2019-03-01,credito,17969551.879616998
2019-04-01,credito,17736333.211400002
2019-05-01,credito,18013021.917039998
2019-06-01,credito,19225537.23247
2019-07-01,credito,19194608.053610004
2019-08-01,credito,21781404.017981987
2019-09-01,credito,20612694.849708993
2019-10-01,credito,24432918.572433
2019-11-01,credito,26455726.00132099
2019-12-01,credito,31600065.928096
2020-01-01,credito,26279836.484293897
2020-02-01,credito,27241035.986254998
2020-03-01,credito,33716809.20248102
2020-04-01,credito,28559526.139535002
2020-05-01,credito,29750672.202390008
2020-06-01,credito,29332592.009099998
2020-07-01,credito,29569224.40345899
2020-08-01,credito,29644413.805833004
2020-09-01,credito,27583639.698399987
2020-10-01,credito,33253696.394518994
2020-11-01,credito,33470452.079113003
2020-12-01,credito,41558670.65363998
2021-01-01,credito,34421611.729676
2021-02-01,credito,32111865.511882994
2021-03-01,credito,39721336.17659
2021-04-01,credito,39528435.059999995
2021-05-01,credito,41132600.50917
2021-06-01,credito,42074159.71627
2021-07-01,credito,43727330.43950201
2021-08-01,credito,44242610.352050014
2021-09-01,credito,43445911.37943999
2021-10-01,credito,50159841.63313002
2021-11-01,credito,50752243.390599996
2021-12-01,credito,62999676.15227599
2022-01-01,credito,54048333.11802423
2022-02-01,credito,53705893.17447563
2022-03-01,credito,62416016.53691001
2022-04-01,credito,65527183.03321
2022-05-01,credito,68085697.64074002
2022-06-01,credito,74521224.65406194
2022-07-01,credito,83375854.5280367
2022-08-01,credito,81596108.36881703
2022-09-01,credito,85277979.17786
2022-10-01,credito,98485038.83702432
2022-11-01,credito,110394704.60457128
2022-12-01,credito,131276350.8171154
2023-01-01,credito,110961211.98186989
2023-02-01,credito,112669358.64205503
2023-03-01,credito,134679903.67195156
2023-04-01,credito,144221133.45942
2023-05-01,credito,147520548.05324003
2023-06-01,credito,155279431.14515987
2023-07-01,credito,176226915.0301001
2023-08-01,credito,195137108.71892
2023-09-01,credito,209784383.83643997
2023-10-01,credito,271297889.04838014
2023-11-01,credito,301311730.2739602
2023-12-01,credito,450747741.8848
2024-01-01,credito,438858468.3461399
2024-02-01,credito,483850375.59419
2024-03-01,credito,592791117.4055603
2024-04-01,credito,582608443.75248
2024-05-01,credito,622775723.0178502
2024-06-01,credito,670053178.46219
2024-07-01,credito,688936590.1983601
2024-08-01,credito,770315343.9564201
2024-09-01,credito,718083006.9710598
2024-10-01,credito,787023479.99255
2024-11-01,credito,867514425.6909102
2024-12-01,credito,975026579.6668302
2025-01-01,credito,823016098.1116103
2025-02-01,credito,790402427.9098101
2025-03-01,credito,937125368.87107
2025-04-01,credito,915234170.7775296
2025-05-01,credito,906931319.9872897
2025-06-01,credito,915912568.8581103
2025-07-01,credito,901368183.4087698
2025-08-01,credito,949040817.5704199
2025-09-01,credito,863757514.81528
2025-10-01,credito,973715190.1872499
2025-11-01,credito,985317573.5272098
2025-12-01,credito,1218383419.96894
2026-01-01,credito,1006290719.0652902
2026-02-01,credito,964241604.7069699
2026-03-01,credito,1105298249.4568102
2026-04-01,credito,1018499603.4324499
2026-05-01,credito,1123847560.3975797
2026-06-01,credito,1062498318.2047707
2026-07-01,credito,1086065583.07696
2017-01-01,otros,1716991.0731449006
2017-02-01,otros,1527488.5175299996
2017-03-01,otros,1782030.55727
2017-04-01,otros,1909221.3736467
2017-05-01,otros,1864714.1566170002
2017-06-01,otros,2033652.1887504
2017-07-01,otros,1930477.5205436
2017-08-01,otros,2098727.7714126995
2017-09-01,otros,2048214.0439202997
2017-10-01,otros,1082741.60465
2017-11-01,otros,1093173.9329353003
2017-12-01,otros,1409909.7576381993
2018-01-01,otros,1125176.0583415003
2018-02-01,otros,1044013.9847172999
2018-03-01,otros,1256186.1944464003
2018-04-01,otros,1254380.9432200005
2018-05-01,otros,1298209.6037401005
2018-06-01,otros,1683246.0602
2018-07-01,otros,1446787.3882568001
2018-08-01,otros,1546973.0836399999
2018-09-01,otros,1332661.33579
2018-10-01,otros,1502570.944243483
2018-11-01,otros,1530240.87424
2018-12-01,otros,1982093.35623
2019-01-01,otros,1517896.7568399997
2019-02-01,otros,1464584.1009
2019-03-01,otros,1673185.7705400004
2019-04-01,otros,1630779.8149899996
2019-05-01,otros,1678749.47254
2019-06-01,otros,1685301.94797
2019-07-01,otros,1690975.8349200003
2019-08-01,otros,2100804.8511199993
2019-09-01,otros,1839128.7261300003
2019-10-01,otros,2258229.7078618007
2019-11-01,otros,2218080.2606699998
2019-12-01,otros,2859088.143929999
2020-01-01,otros,2322351.5571899996
2020-02-01,otros,2592663.180630001
2020-03-01,otros,3107850.4628399997
2020-04-01,otros,3336033.66613
2020-05-01,otros,4222823.82609
2020-06-01,otros,4298917.23837
2020-07-01,otros,4492515.9037
2020-08-01,otros,4710872.144150001
2020-09-01,otros,4542810.41581
2020-10-01,otros,5056938.0465
2020-11-01,otros,5238654.45089
2020-12-01,otros,6662054.393548
2021-01-01,otros,5225838.554741
2021-02-01,otros,4662749.260879998
2021-03-01,otros,5553760.20131
2021-04-01,otros,5801873.388339999
2021-05-01,otros,6632776.246490001
2021-06-01,otros,6840933.135089999
2021-07-01,otros,6811495.633934002
2021-08-01,otros,6982561.109040003
2021-09-01,otros,6900208.910069997
2021-10-01,otros,7306784.94985
2021-11-01,otros,7261581.669369999
2021-12-01,otros,8911251.21253
2022-01-01,otros,7452508.718179998
2022-02-01,otros,6922148.759119999
2022-03-01,otros,7940040.868859998
2022-04-01,otros,8367954.410869999
2022-05-01,otros,8930505.059710002
2022-06-01,otros,7839441.240970001
2022-07-01,otros,9444372.07369
2022-08-01,otros,9026750.09939
2022-09-01,otros,8913493.63478
2022-10-01,otros,9898491.429189997
2022-11-01,otros,10318848.623189997
2022-12-01,otros,12834808.056848
2023-01-01,otros,15707145.422470007
2023-02-01,otros,15495874.440838998
2023-03-01,otros,17442280.761929
2023-04-01,otros,18332320.738839995
2023-05-01,otros,20685589.01534
2023-06-01,otros,27206692.863590006
2023-07-01,otros,30948477.149930008
2023-08-01,otros,34536488.31908999
2023-09-01,otros,38794523.30752
2023-10-01,otros,44121693.72752999
2023-11-01,otros,48770497.82054
2023-12-01,otros,74510165.70661998
2024-01-01,otros,82407479.13388997
2024-02-01,otros,91326313.97847
2024-03-01,otros,113765889.23505998
2024-04-01,otros,109159498.83667003
2024-05-01,otros,120976271.72901002
2024-06-01,otros,132899386.41776004
2024-07-01,otros,147423850.0884801
2024-08-01,otros,151692317.76924998
2024-09-01,otros,170360908.73097005
2024-10-01,otros,183175731.09620997
2024-11-01,otros,202341003.59407002
2024-12-01,otros,245885820.78558996
2025-01-01,otros,211910266.86249006
2025-02-01,otros,208352156.04337993
2025-03-01,otros,229108291.26592007
2025-04-01,otros,229131138.19946998
2025-05-01,otros,227908129.76400003
2025-06-01,otros,232582444.12828007
2025-07-01,otros,246562875.74989995
2025-08-01,otros,281262306.3127001
2025-09-01,otros,260981442.29626003
2025-10-01,otros,285012947.83409
2025-11-01,otros,307474920.0998301
2025-12-01,otros,391124954.7729999
2026-01-01,otros,345644429.0243399
2026-02-01,otros,322620775.18474
2026-03-01,otros,337897004.7316302
2026-04-01,otros,361464650.00701994
2026-05-01,otros,366293557.87074006
2026-06-01,otros,383861071.4267398
2026-07-01,otros,403822403.90009016
